中文术语,越南语翻译
车床,máy tiện
铣床,máy phay
磨床,máy mài
钻床,máy khoan
数控机床,máy CNC
加工中心,trung tâm gia công
冲床,máy dập
注塑机,máy ép nhựa
粗加工,gia công thô
精加工,gia công tinh
热处理,xử lý nhiệt
表面处理,xử lý bề mặt
焊接,hàn
装配,lắp ráp
调试,hiệu chỉnh
公差,dung sai
粗糙度,độ nhám
合格品,sản phẩm đạt yêu cầu
不合格品,sản phẩm không đạt
返工,làm lại
报废,loại bỏ
防护罩,Vỏ bảo vệ
紧急停止,dừng khẩn cấp
安全操作规程,quy trình vận hành an toàn
劳保用品,đồ bảo hộ lao động
开机,khởi động máy
关机,tắt máy
检查,kiểm tra
更换,thay thế
清洁,vệ sinh
加油,tra dầu
注意,chú ý
危险,nguy hiểm
缝头压痕,hằn ép đầu may
1号色,Màu 1
FACE章,mộc FACE
PE膜,bọc PE
PE膜包装机,Máy đóng bọc PE
安排,Sắp xếp
安全第一,An toàn là trên hết
按一等反馈,"Cấp 1, phản hồi"
暗室,phòng xem màu
白,trắng
白度,Độ trắng
白胶带纸,keo lụa
百,"trăm, một trăm, số 100"
班长,ca trưởng
办公室,văn phòng
半成品,bán thành phẩm
包,"bao, bọc, gói"
包缝机,máy may đầu may
包缝线,chỉ may đầu may
包装工,nhân viên đóng gói
包装机,máy đóng gói
包装要求,Yêu cầu đóng gói
保卫,bảo vệ
笔,Bút
笔记本,vở ghi chép
编织袋,bao đóng gói
标签,tem bara
标准,Tiêu chuẩn
不交货,không giao hàng
不明白,không hiểu
布边对齐,Căn chỉnh biên vải
布笼,Lếch vải
布头,đầu vải
布尾,cuối vải
布样,vải mẫu
布样工,nhân viên vải mẫu
布样室,phòng vải mẫu
布中,giữa vải
部门,bộ phận
裁切机,máy cắt
参观,tham quan
餐厅,nhà ăn
操作质量员,thao tác chất lượng viên
厕所,nhà vệ sinh
测量,đo lượng
测长轮,Bánh đo dài
查系统,Kiểm tra hệ thống
产量,Sản lượng
成品,thành phẩm
吃,ăn
尺子,thước đo
充电,sạc điện
充电宝,sạc dự phòng
充电器,"cục sạc, bộ nạp điện"
抽验,Rút kiểm
抽样检验,Kiểm tra vải mẫu
出勤,Điểm danh
出勤人数,Số người điểm danh (Số người lên ca)
处理,Xử lý
穿布,xuyên vải
穿错,Xuyên sai
传感器失灵,Cảm biến hư
传送带,băng vận chuyển
疵点,điểm lỗi
错织,dệt sai
打标签,In tem
打卡,"điểm danh, chấm công"
打领用单,Đánh lãnh dùng
打扫卫生,dọn dẹp vệ sinh
打印机,máy in
戴帽子,đội nón(mũ)
倒正,xuôi úp
等外,Cấp ngoài
底灯,đèn dưới
点名,điểm danh
电动搬运车,xe nâng điện
电脑,máy vi tính
调整张力,Điều chỉnh lực căng
丁字尺,thước đinh
订书机,cái kim bấm
定期润滑,Bôi trơn định kỳ
段,"đoạn, cuộn"
段号,Số cuộn
断纱,Đứt sợi
二等,cấp 2
发货,phát hàng
发送,"gửi, phát"
反馈,Phản hồi
反馈单,đơn phản hồi
返工流程,Quy trình phản hồi
防潮包装,Đóng gói chống thấm
纺纱,sợi
放码,Cho qua (Free)
分色,Phân màu
缝包机,máy may bao
缝包线,chỉ may bao
缝纫机,máy may
缝缝头,May đầu vải
缝头,đầu may
幅宽,khổ rộng
复检,Kiểm lại
改色号,Sửa màu
格子,ô
更换布卷,Thay cuộn vải
工具,Công cụ
工伤,Tai nạn lao động
工资,"lương, tiền lương"
工作,công việc
工作服,Đồng phục
公司,công ty
挂钩,cái móc
关,Đóng / Tắt
管理,Quản lý
过来,"qua đây, lại đây, sang đây"
过去,"qua, đi qua, quá khứ, trước đây"
号码,"số, số thứ tự"
喝饮料,uống thức uống
合格标准,Tiêu chuẩn đạt
合同,hợp đồng
合同交期,Ngày giao hàng
合同数量,Số lượng hợp đồng
黑,đen
红,đỏ
红箭头,mũi tên đỏ
黄,vàng
计划,kế hoạch
计划员,kế hoạch viên
计算机,máy tính
记录数据,Ghi chép dữ liệu
加班,Tăng ca
剪子,kéo
交货,Giao (hàng)
交接班,giao ca
交期,ngày giao hàng
胶带纸,băng keo giấy
接地检查,Kiểm tra nền xưởng
接收,tiếp nhận
借用,mượn dùng
紧急停止按钮,Nút dừng khẩn cấp
经缩,Chùn dọc
静电干扰,Nhiễu tĩnh điện
卷布速度,Tốc độ cuốn vải
卷尺,thước dây
开,Mở
开车,chạy máy
开会,Họp
开剪,cắt vải
开台数量,Số máy đang hoạt động
看荧光,xem huỳnh quang
考核,Khảo hạch
考试,kiểm tra
克重（GSM）,định lượng vải (g/m²)
Gram/m² (GSM)"
客户,khách hàng
客户反馈,Khách hàng phản hồi
空调,máy lạnh 
空压机,máy nén khí
口罩,khẩu trang
快,nhanh
旷工,nghỉ không phép
垃圾（桶）,rác (thùng đựng rác)
垃圾分类,phân loại rác
拉杆,Cán kéo
蓝,"xanh lam, xanh da trời"
离职,Nghỉ việc
量布,Đo vải
量布工,nhân viên đo vải
量布机,máy đo vải
零布,vải thừa
领布,lĩnh vải
领导,"sếp, lãnh đạo"
领用,Lãnh dùng
漏修,sửa sót
漏验,kiểm sót
绿,"xanh lục, xanh lá cây"
慢,chậm
毛刷,chổi quét máy
美纹胶带,băng keo giấy
米,Mét
米尺,thước
米数,số mét
密码,Mật khẩu
棉结,Nút bông
明白,hiểu
内在质量,Chất lượng bên trong
年假,Phép năm
挪批,Di chuyển lô hàng、chuyển lô
拍照,chụp ảnh
判色工,nhân viên chia sắc
培训,Đào tạo
培训记录,Ghi chép đào tạo
培训室,phòng đào tạo
批差样,30cm
批次号,Số lô hàng
坯布漏验,Vải mộc kiểm sót
坯布样,thể mẫu vải mộc
漂染,xưởng nhuộm
拼件,Ghép hàng
品管部,bộ phận quản lý chất lượng
品种,chủng loại
破洞,Thủng lỗ
启动机器,Khởi động lại máy
千,"nghìn, một nghìn"
签字,Ký tên
清洁标准,Tiêu chuẩn vệ sinh
取布样,Cắt mẫu
取样,Cắt mẫu
日期,"ngày, ngày tháng"
入库,lưu kho
扫地,quét dọn
色差,Chênh lệch màu
色号,Số màu
上,Trên
上班,đi làm
上灯,đèn trên
上岗证,thẻ nhân viên
设备故障,Sự cố thiết bị
设备坏,thiết bị hư
生病,Bệnh
生产部,bộ phận sản xuất
生气,"giận, tức, tức giận"
十,"mười, số 10"
食堂,nhà ăn
事假,Nghỉ việc riêng、phép việc riêng
试织,mẫu dệt thử
手机,điện thoại
首先验,ưu tiên kiểm vải
受伤,Bị thương
双经,Dọc đôi
睡岗,ngủ trong giờ làm việc
送布,chuyển vải
缩水,Co rút
索赔,Khiếu nại bồi thường
碳带,phim in
特急,Gấp
条子,kẻ
跳线,Nhảy sợi
贴标签,dán tem
铁丝,dây kẽm
停车,dừng máy
统计员,thống kê viên
拖地,lau dọn
拖鞋,"dép, dép lê"
万,"vạn, mười nghìn"
万国旗,Cờ màu
网络,mạng
微信,wechat
维修,Sửa chữa
纬密,mật độ chỉ ngang
纬缩,Chùn ngang
纬斜,Chỉ ngang nghiêng
卫生,Vệ sinh
问题,Vấn đề
下,Dưới
下班,tan làm
消防桶,thùng PCCC
小样工,nhân viên đầu may
姓名,họ tên
休息,"nghỉ, nghỉ ngơi"
修布,vải sửa
颜色,Màu sắc
颜色浅,Màu nhạt
颜色深,Màu đậm (Màu tối)
验布,Kiểm vải
验布报告,Báo cáo kiểm vải
验布工,nhân viên kiểm vải
验布机,máy kiểm vải
钥匙,Chìa khóa
液压车,xe nâng tay
一等,cấp 1
一色,một màu
医务室,phòng y tế
椅子、凳子,cái ghế
印花,in hoa
英寸,Inch
荧光,huỳnh quang
右斜,nghiêng phải
熨不开,ủi không ra
熨斗,bàn ủi
熨开,ủi ra
暂停检查,Tạm dừng kiểm
早班,ca sáng
张力传感器,Cảm biến sức căng
折皱,HẰN GẤP
针,kim
整车反馈,Phản hồi cả xe
整理,chỉnh lý
整理工艺卡,thẻ công nghệ chỉnh lý
正反面,Trái phải
正确,"chính xác, đúng"
织布,xưởng dệt
织布车号,số máy dệt
值班,trực ban
纸,giấy
纸芯,ống giấy
质量,Chất lượng
中班,ca đêm
注意安全,Chú ý an toàn
装笼机,Máy đóng lếch
装箱,đóng gói
桌子,cái bàn
资料,"tài liệu, tư liệu, hồ sơ"
组长,tổ trưởng
左斜,nghiêng trái
左中右,trái giữa phải
坯布,vải mộc
降等,hạ cấp
一号色,Màu 1
二号色,Màu 2
红色,Màu đỏ
黑色,Màu đen
白色,Màu trắng
蓝色,Màu xanh da trời
黄色,Màu vàng
绿色,Màu xanh lá
折痕,nếp nhăn
磨痕,Hằn ma sát
领布/领用,Lãnh vải/ Lãnh dùng
不交货/不可交,Không giao (hàng)
看布,Xem vải
电脑密码,Mật khẩu máy tính
搓纬斜,đẩy ngang nghiêng
捋布,vuốt biên
这个品种是试织吗？,chủng loại này là mẫu dệt thử phải không?
对手感样,đối chiếu xúc cảm
对手织样,đối chiếu mẫu dệt tay
找批差,tìm 30cm
做批差,làm 30cm
这个品种多少米？,chủng loại này bao nhiêu mét
正常生产,sản xuất bình thường
返工布,vải phản hồi
追加,vải làm thêm
再加工,vải làm lại
错正反面,sai trái phải
错倒正,sai hoa văn
优先安排验布,có vải kiểm trước
拼毯布,vải dệt thảm
核对颜色,đối chiếu màu sắc
量米数,đo vải
量纬斜,đo ngang nghiêng
缝百家衣,may cờ màu
经纱弯曲,chỉ dọc cong
纬纱弯曲,chỉ ngang cong
标头,ghi chú đầu cắt
测百度,đo độ trắng
测硬度,đo độ cứng
小张力验布,dùng lực căng nhỏ nhất để kiểm vải
四面弹面料,vải co giãn 4 chiều
打卷,quấn trục
A架子,giá chữ A
颜色不合格,màu sắc không đạt
麻丝,sợi đai
麻结,nút đai
染色不匀,Nhuộm màu không đều
纬纤折,nếp nhăn hướng ngang
乱折,nếp nhăn rối loạn
沾污,Vấy bẩn
PE 膜,bọc PE
暂不验布,vải không được kiểm
合同量,số lượng hợp đồng
急验,kiểm gấp
了机,hết trục
倒布,xổ vải
张力,sức căng
提明细,lấy chi tiết
撤明细,rút chi tiết
复验,rút kiểm
断经,Đứt dọc
断疵,Lỗi đứt
断头,Đầu đứt
筘穿错,Xuyên sai lược
综穿错,Xuyên sai go
接错,Nối sai
色经,Màu dọc
粗经,Dọc thô
经纱打绞,Sợi dọc bị chéo
松紧经,Dọc căng
条影,Đường ảnh
筘路,Đường lược
油经,Dọc dầu
浆纱油,Sợi hồ dầu
浆斑,Đốm hồ
密路,Đường dày
稀纬,Ngang thưa
缺纬,Thiếu ngang
左中右颜色不符,Trái giữa phải khác màu
杂物,Tạp vật
错格,Sai ô
粗纬,Ngang thô
毛边织入,Dệt đuôi biên
双纬,Ngang đôi
断纬,Đứt ngang
脱纬,Tuột ngang
云织,Dệt mây
色档,Đường màu
油纬,Ngang dầu
毛羽,Tơ ngang
百脚,Trăm chân
色纬,Chỉ ngang màu
错纬,Sai ngang
错花型,Sai hoa văn
张力不匀,Lực căng không đều
星跳,Nhảy sao
跳纱,Nhảy sợi
油渍,Vấy dầu
竹节,Đốt trúc
结头,Đầu thắt
棉球,Cầu bông
滑脱,Lỗi tuột
沾色,Dính màu
长毛边,Lông biên dài
破边,Thủng biên
豁边,Sứt biên
烂边,Rách biên
边撑疵,Lỗi chống biên
紧边,Biên chặt
松边,Lỏng biên
跳花,Nhảy hoa
辫子纱,Sợi thắt bím
煤灰纱,Sợi xám tro
条干,Điều cán
异纤,Tơ khác màu
飞花,Bông bay
泡泡纱,Sợi bông bống
烧毛不净,Cháy lông không sạch
撕破,Xé rách
绞边纱脱落,"Sợi xoắn biên bị 
tuột"
压痕,Hằn ép
沉纱,Sợi chìm
色泽排列错,Sắp sếp sai màu sắc
筘路(空筘),Đường lược
针路,Đường kim
错经,Sai sợi dọc
经错花,Hướng dọc sai hoa văn
条花,Đường hoa
皱条,Đường nếp (đặc trưng của loại vải đánh nhăn (dọc)
拆痕,Nếp gấp
条干不匀,điều cán không điều
叠节,Nút chập
错花,Sai hoa văn
歇梭(停车档),Vết dừng máy
扭结纬缩,chùn ngang dệt vào mặt vải
起圈纬缩,chùn ngang nỗi trên mặt vải
杂物织入,tạp vật dệt vào mặt vải
皱档,Đường nếp (đặc trưng của loại vải đánh nhăn (ngang)
搔损(修痕),Vết sửa vải
污渍,Vết ố
绣渍,Vết rỉ sét
搭色,Lẫn màu
卷边,cuốn biên
针眼边,lỗ kim ở biên
损伤布底的搔损,Vết xước mặt trái
轧梭,Vết xước con thoi
异色纤维织入,Dệt sợi có màu sắc khác nhau
稀密路,đường dày ngang thưa
疵点分类,Phân loại điểm lỗi
偷东西,ăn trộm
阻挡,chắn
纬色差,MÀU NGANG CHÊNH LỆCH
包装,đóng gói
按照标准验布,kiểm vải theo tiêu chuẩn
整车倒回,xả vải
整车,xả vải
光敏变色,biến màu do ánh sáng
落布折,nếp nhăn xuống vải
成品交货率,Tỷ lệ thành phẩm giao hàng
洲际纺织有限公司,Công ty TNHH Dệt Sợi Continental
洲际,CTC
万象,Louvre
万象纺织有限公司,Công ty TNHH Dệt Sợi Louvre
交货剩余,giao hàng dư lại
交货已够,đủ giao hàng
剑杆织机,máy cán kiếm
喷气织机,máy phun khí
游星机,máy xoắn biên
电动葫芦,pa-lăng điện
油压车,xe nâng tay
落布平板车,xe chứa trục vải 
叉车,xe nâng 
主马达,mô tơ chủ
多臂箱,hộp động cơ
斜拉连杆,thanh nối kéo xiên
大连杆,cán nối lớn
提综连杆,thanh nối nhấc go
综框,khung go
钢筘,lược dệt
筘座,đệm lược
纬纱架,giá sợi ngang
回丝,sợi thừa
织轴,trục dệt
纬纱,sợi ngang
坯布,vải mộc
补边纱,sợi bắt biên
游星纱,sợi xoắn biên
布棍,trục vải
落布传票m,phiếu xuống vải
落布布条,miếng xuống vải
了机,xuống máy
挂机,lắp máy
割轴,cắt trục
控坯布,kiểm soát vải mộc
机动,cơ động
实验布,vải thử nghiệm
共轴,trục dùng chung
新上机,mới lên máy 
储纬器架,giá thiết bị trữ ngang
储纬器,thiết bị trữ ngang
探纬器,thiết bị dò ngang
选纬针,kim chọn sợi ngang
纬纱剪刀,kéo cắt sợi ngang
传剑箱,thùng truyền kiếm
剑轮,bánh kiếm
剑带,đai kiếm
滑板,bản trượt
上轴,lên trục
下轴,xuống trục
实验布,vải thử nghiệm
导布,dẫn vải
新上机布样,vải mẫu lên máy mới
综丝,sợi go
后梁,xà sau
空轴,trục không
了机存轴,xuống máy cất trục
改机动,sửa cơ động
带筘割轴,nâng trục
倒断头,đứt đầu ngược 
纬纱不良,sợi ngang không tốt
边部甩线,bỏ sợi phần biên
挑轴,chọn trục
存轴,trữ trục
剑钩,móc kiếm
开剑器,thiết bị mở kiếm
导轨,đường dẫn
废纱剪刀,kéo cắt sợi phế
停经架,giá dừng dọc
探经器,thiết bị dò dọc
停经片,miếng dừng dọc
周转筐,giỏ quay vòng
零布,vải lẻ
布边,biên vải
提前了机,tháo máy sớm
轴跳,trục nhảy
电气故障,sự cố điện
纬停,dừng ngang
经停,dừng dọc
成把断线,đứt sợi thành bó
换品种,đổi sản phẩm
综丝,sợi go
夹板,bản kẹp
后梁弹簧,lò xo xà sau
织轴,trục dệt
送经马达,mô tơ đưa dọc
轴头,đầu trục
齿轮,bánh răng
电控制箱,hộp điện
指示灯,đèn tín hiệu
查坯布,kiểm tra vải mộc
短码,thiếu mét
二次上机,lên máy lần hai
起泡控制,kiểm soát nổi hột
无纬,hết sợi ngang
漏轴,trục sót
防打手装置,thiết bị tránh đánh vào tay
电脑,máy tính
卷曲马达,mô tơ cuộn tròn
卷布辊,trục cuộn vải
压布辊,trục ép vải
横梁,xà ngang
布辊,trục vải
墙板,bản tường
按钮,nút bấm
铺边纱架,giá sợi bắt biên
接近开关,công tắc tiếp nối
传感器,thiết bị cảm ứng
倒纱轮,bánh đảo sợi 
回丝桶,thùng sợi thừa
吸风马达,mô tơ hút gió
吸风筒,ống hút gió
绞边器,thiết bị xoắn biên
凸轮,bánh lồi (bánh lệch tâm)
凸轮片,miếng bánh lồi
游星,xoắn sợi
偏心,lệch tâm
主喷嘴,miệng phun chính
辅喷,phun phụ
电缆线,dây cáp điện
探头,đầu dò
线卡,kẹp sợi
边撑,chống biên
螺栓,bu lông
胶辊,trục cao su
刺环,vòng kim
自动抽纬装置,thiết bị rút ngang tự động
气管,ống khí
停纬销,chốt dừng ngang
瓷眼,mắt sứ
调节阀,van điều tiết
轴承,bạc đạn
筘齿,răng lược
剪刀,kéo
皮圈,dây thun 
钩子,móc
拉回丝,kéo sợi thừa
空压气,áp suất khí
磁铁座,đệm nam châm
电瓶,bình điện
清洗剂,chất tẩy rửa
木梳,lược gỗ
电脑,máy tính
钢筘号,số lược dệt
放弃,từ bỏ
挑选,lựa chọn
链条,xây xích
停经片锁,khóa miếng dừng dọc
纱钩,móc sợi
充电器,thiết bị sạc điện
胶带纸,băng keo giấy
铁梳,lược sắt
加油,Cố lên nhé
板夹,bản kẹp
纱未穿入,sợi chưa xuyên vào
变形,biến dạng
整理,chỉnh lý
四海服饰有限公司,UNIVERSAL APPAREL CO.,LTD
四海制衣,UNIVERSAL APPAREL CO.,LTD
同试织,giống dệt thử
同指示,giống với chỉ định
续作同前,làm tiếp giống mẫu lúc trước
追加,làm thêm
再加工,gia công lại
内部追加,nội bộ làm thêm
原样,mẫu gốc
判不合格,phán không đạt
同确认的标准,giống với mẫu được xác nhận
返工前,phản hồi trước
返工后,phản hồi sau)
客户反馈,khách hàng phản hồi
颜色同之前大货,màu sắc giống với sản lượng lớn lần trước
加深,tăng đậm
减浅,giảm nhạt
同后附布样,mẫu vải gửi sau
弹性,đàn hồi
强力,lực căng
大批量,sản xuất lớn
文件 qtx,tư liệu qtx
内外差,chênh lệch nội ngoại
大货,hàng lớn
手织样,mẫu dệt tay
移染,chuyển nhuộm
白度低,độ trắng thấp
白度高,độ trắng cao
荧光,huỳnh quang
同国内大货,xem hàng mẫu lớn trong nước
无荧光,không huỳnh quang
有荧光, có huỳnh quang
参考,tham khảo
颜色不能蓝,màu sắc không được xanh
看布调整,xem vải điều chỉnh
整理方式变更,biến đổi phương pháp chỉnh lý
太浅,quá nhạt
太深,quá đậm
合同编号,hợp đồng mua bán
密度,mật độ
洗后外观,bề ngoài sau giặt
水洗尺寸变化率,sự co lại giặt nước
断裂强力,cường lực lực đứt
撕破强力,cường lực lực xé
缝线滑移,trượt đường may
缝线强力,cường lực đường may
耐洗色牢度,độ bền màu chịu giặt
耐汗渍色牢度,độ bền màu chịu mồ hôi
耐水色牢度,độ bền màu chịu nước
耐热压色牢度,độ bền màu chịu áp nóng
耐摩擦色牢度,độ bền màu chịu ma sát
移染,chuyển nhuộm
洗后扭曲,sợi ngang nghiêng sau giặt
磨损性,tính mài mòn
弹性伸长率,tỉ lệ kéo dài
弹性回复率,tỉ lệ hồi phục
弹性残留率,tỉ lệ biến dạng dư
pH值,ph
甲醛,nồng độ formaldehyde
耐水斑色牢度/水印,vết nước
酚黄变色,biến màu phenol
热缩,sự co lại áp nóng
起毛起球,xù lông
吸水速干,hút nước khô nhanh
吸水性,hút nước
防水-滴水,chống nước
防油,chống dầu
易去污,chống bẩn
折皱恢复角,góc phục hồi nếp nhăn
钩丝,móc sợi
耐光色牢度,độ bền màu với ánh sáng
防水-喷淋,chống nước
防污性,tính chống bẩn
耐氯漂色牢度,tẩy clo
芯吸法, phương pháp thấm mao dẫn/hút nước trung tâm
碱含量,hàm lượng kiềm
识别染色,phân biệt nhuộm màu
实验室,phòng thí nghiệm
测试,thử nghiệm
检测,kiểm tra
测试方法,phương pháp thử
测试标准,tiêu chuẩn thử
测试项目,hạng mục thử nghiệm
测试要求,yêu cầu thử nghiệm
测试条件,điều kiện thử nghiệm
测试步骤,các bước thử nghiệm
测试结果,kết quả thử nghiệm
样品,mẫu
试样,mẫu thử
取样,lấy mẫu
裁样,cắt mẫu
样品编号,mã/số mẫu
试样尺寸,kích thước mẫu thử
仪器,thiết bị đo
设备,thiết bị
仪器编号,mã số thiết bị
校准,hiệu chuẩn
核查,kiểm tra xác nhận
校准证书,chứng chỉ hiệu chuẩn
有效期,thời hạn hiệu lực
操作,thao tác
操作步骤,các bước thao tác
设置,cài đặt
调整,điều chỉnh
检查,kiểm tra
记录,ghi chép
原始记录,ghi chép ban đầu
原始数据,dữ liệu gốc
测试数据,dữ liệu thử nghiệm
测试值,giá trị thử nghiệm
平均值,giá trị trung bình
单位,đơn vị
结果,kết quả
判定,phán định
合格,đạt
不合格,không đạt
仪器,thiết bị đo
设备,thiết bị
测试仪器,thiết bị thử nghiệm
测试设备,thiết bị thử nghiệm
仪器名称,tên thiết bị
仪器型号,model thiết bị
仪器编号,mã thiết bị
设备状态,tình trạng thiết bị
使用状态,tình trạng sử dụng
正常,bình thường
异常,bất thường
开机,mở máy
关机,tắt máy
启动,khởi động
停止,dừng
清洁,vệ sinh
维护,bảo trì
保养,bảo dưỡng
故障,sự cố
面料检验单据,phiếu kiểm nghiệm vải
报告编号,số báo cáo
工艺卡号,số thẻ công nghệ
客户合同号,mã số hợp đồng
面料编码,mã vải
颜色号,mã màu
预缩机台号,số máy co lại trước
编制人,người lập
检验次数,số lần kiểm nghiệm
编制日期,ngày lập
生产类型,loại hình sản xuất
再加工,tái gia công
判定人,người phán định
判定日期,ngày phán định
最终客户,khách hàng cuối cùng
开证标记,ký hiệu chứng từ
审核人,người xét duyệt
目的港,cảng đích
组织规格,quy cách tổ chức vải
报检数量,số lượng báo kiểm
整理方式,phương thức chỉnh lí
起泡,nổi phao
成份,thành phần
检验结果,kết quả kiểm nghiệm
质量标准,tiêu chuẩn chất lượng
品质判定,phán định chất lượng
审核日期,ngày xét duyệt
特殊提示,lưu ý đặc biệt
备注信息,thông tin chú ý
织物组织,kiểu dệt / cấu trúc vải
应用场景,mục đích sử dụng
理论克重,trọng lượng lý thuyết
手织样,mẫu dệt tay
严控,kiểm soát nghiêm ngặt
颜色,màu sắc
缩水,sự co rút
效果,hiệu quả
大货,hàng lớn
短装报告,báo cáo thiếu đóng gói
短交期,giao hàng thời gian ngắn
超短交期,giao hàng thời gian siêu ngắn
男装,đồ nam
女装,đồ nữ
童装,đồ trẻ em
婴儿服装,quần áo trẻ sơ sinh
运动服,đồ thể thao
休闲服,đồ mặc thường ngày
工作服,đồng phục làm việc
制服,đồng phục
校服,đồng phục học sinh
家居服,đồ mặc ở nhà
睡衣,đồ ngủ
内衣,đồ lót
裤装,trang phục quần
衬衫,áo sơ mi
外套,áo khoác
西装,vest / âu phục
裙装,váy
家纺,hàng dệt may gia dụng
经向,hướng dọc
纬向,hướng ngang
变色,biến màu
灰卡,thẻ xám đánh giá độ bền màu
标准样,mẫu tiêu chuẩn
